btc_address,last_in,last_out
bc1qd4ysezhmypwty5dnw7c8nqy5h5nxg0xqsvaefd0qn5kq32vwnwqqgv4rzr,2024-11-06 02:44:15 UTC,2024-10-15 20:40:32 UTC
bc1q8yj0herd4r4yxszw3nkfvt53433thk0f5qst4g,2024-11-06 02:44:15 UTC,
1LdRcdxfbSnmCYYNdeYpUnztiYzVfBEQeC,2024-11-06 14:19:59 UTC,
1AC4fMwgY8j9onSbXEWeH6Zan8QGMSdmtA,2024-11-06 14:19:59 UTC,
bc1qa2eu6p5rl9255e3xz7fcgm6snn4wl5kdfh7zpt05qp5fad9dmsys0qjg0e,2024-11-06 14:19:59 UTC,2024-07-31 16:26:55 UTC
1LruNZjwamWJXThX2Y8C2d47QqhAkkc5os,2024-11-06 14:30:52 UTC,
12XqeqZRVkBDgmPLVY4ZC6Y4ruUUEug8Fx,2024-11-07 11:25:57 UTC,2022-04-23 12:41:04 UTC
12tkqA9xSoowkzoERHMWNKsTey55YEBqkv,2024-11-07 11:25:57 UTC,
1FhodFYr1SDZD4XawyMJfmmfLenAAQLFRT,2024-11-10 23:39:47 UTC,
39eYrpgAgDhp4tTjrSb1ppZ5kdAc1ikBYw,2024-11-10 06:54:40 UTC,2024-03-14 13:30:52 UTC
17MWdxfjPYP2PYhdy885QtihfbW181r1rn,2024-11-10 06:54:40 UTC,
19D5J8c59P2bAkWKvxSYw8scD3KUNWoZ1C,2024-11-10 06:54:40 UTC,
bc1qe2n7t4h47l33cazdlfa0hzs5tfke35dzj6tzuy,2024-11-10 06:54:40 UTC,
bc1qmpn0l7adx483u5q6ss6z50xswdx80u6tz3w6ql,2024-11-10 06:54:40 UTC,2024-11-07 19:55:08 UTC
15cHRgVrGKz7qp2JL2N5mkB2MCFGLcnHxv,2024-11-10 06:54:40 UTC,2022-06-18 06:39:06 UTC
bc1qcpflj68s3ahy4xajez4d8v3vk28pvf7qte2jmlftvxzfke2u6mqsge3gvh,2024-11-11 18:10:01 UTC,2024-11-11 00:38:19 UTC
17rm2dvb439dZqyMe2d4D6AQJSgg6yeNRn,2024-11-10 10:23:51 UTC,2017-03-28 14:04:55 UTC
1PeizMg76Cf96nUQrYg8xuoZWLQozU5zGW,2024-11-10 10:23:51 UTC,
3EMVdMehEq5SFipQ5UfbsfMsH223sSz9A9,2024-11-10 10:23:51 UTC,2024-03-12 16:17:34 UTC
bc1ql6j4qu56n67efchm8utq2npkj9phcr7pj0p5x0,2024-11-10 10:23:51 UTC,
1GR9qNz7zgtaW5HwwVpEJWMnGWhsbsieCG,2024-11-11 04:45:00 UTC,2018-01-22 22:14:04 UTC
1CNtkWbb4grh8xtb8mhoZ6armNE9PHgzA8,2024-11-11 04:45:00 UTC,2024-08-09 11:18:44 UTC
1BZaYtmXka1y3Byi2yvXCDG92Tjz7ecwYj,2024-11-11 04:45:00 UTC,
39gUvGynQ7Re3i15G3J2gp9DEB9LnLFPMN,2024-11-11 08:59:08 UTC,2024-11-11 08:59:08 UTC
1PuQBjpPfAuANa3KM4HBdfF98BC7wnWhTb,2024-08-20 23:39:35 UTC,
bc1qzwhw94uldd3c8736lsxrda6t6x56030f8zk8nr,2024-11-07 08:35:57 UTC,2024-09-27 18:55:36 UTC
1F34duy2eeMz5mSrvFepVzy7Y1rBsnAyWC,2024-04-27 04:56:21 UTC,
bc1qxlth5har0qasqvattsjvgp80st2x402u5shuud,2024-09-26 00:36:23 UTC,
3LRPsisrBBs5UbNjL4RoPRfg99LmHkm1Lf,2024-11-06 13:20:16 UTC,
1f1miYFQWTzdLiCBxtHHnNiW7WAWPUccr,2024-04-27 04:56:21 UTC,
bc1qsxdxm0exqdsmnl9ejrz250xqxrxpxkgf5nhhtq,2024-10-18 14:24:53 UTC,
1BAFWQhH9pNkz3mZDQ1tWrtKkSHVCkc3fV,2024-09-18 08:00:36 UTC,
14YK4mzJGo5NKkNnmVJeuEAQftLt795Gec,2024-04-27 04:56:21 UTC,
1Ki3WTEEqTLPNsN5cGTsMkL2sJ4m5mdCXT,2024-04-27 04:56:21 UTC,
1KbrSKrT3GeEruTuuYYUSQ35JwKbrAWJYm,2024-05-18 10:45:35 UTC,
1P1iThxBH542Gmk1kZNXyji4E4iwpvSbrt,2024-04-27 04:56:21 UTC,
12tLs9c9RsALt4ockxa1hB4iTCTSmxj2me,2024-04-27 04:56:21 UTC,
1ucXXZQSEf4zny2HRwAQKtVpkLPTUKRtt,2024-05-27 02:29:06 UTC,
1CPaziTqeEixPoSFtJxu74uDGbpEAotZom,2024-10-02 14:11:22 UTC,
1DzsfLRDfbmQM99xm59au2SrTY3YmciBSB,2024-11-06 20:15:35 UTC,2022-11-02 10:42:08 UTC
1GUfWdZQoo2pQ4BKHsiegxuZPnheY5ueTm,2024-04-27 04:56:21 UTC,2022-11-02 10:42:08 UTC
12HnxiXEeKUVjQRbMVTytsGWnzHd5LdGCt,2024-08-17 17:54:42 UTC,2022-11-02 10:42:08 UTC
17uULjz9moeLyjXHoKNwDRgKzf8ahY3Jia,2024-10-22 07:58:32 UTC,2022-11-02 10:42:08 UTC
18qNs1yBGGKR8RyErnEF5kegbNUgPfixhS,2024-04-27 04:56:21 UTC,2022-11-02 10:42:08 UTC
1DP3VYwN6ozHXDDaETbvNFLd86CAXfaewi,2024-11-03 00:14:37 UTC,2022-11-02 10:42:08 UTC
1MewpRkpcbFdqamPPYc1bXa9AJ189Succy,2024-04-27 04:56:21 UTC,2022-11-02 10:42:08 UTC
1MtUMTqtdrpT6Rar5fgWoyrzAevatssej5,2024-04-27 04:56:21 UTC,2022-11-02 10:42:08 UTC
1NhJGUJu8rrTwPS4vopsdTqqcK4nAwdLwJ,2024-04-27 04:56:21 UTC,2022-11-02 10:42:08 UTC
1H2MXWiSniAgg7ykdXEzPHL6oTH1ic4kP,2024-11-02 21:32:49 UTC,2022-11-02 07:24:29 UTC
35WHp4Hid61peyH4tuhNunwRj2gtNB41Lo,2024-07-26 06:48:50 UTC,2023-05-05 11:49:35 UTC
1Cr7EjvS8C7gfarREHCvFhd9gT3r46pfLb,2024-05-08 07:19:15 UTC,2024-05-08 07:19:15 UTC
